sample_id,trait,population
IND0000,0.4527574638252415,POP_A
IND0001,-0.7350003836193482,POP_A
IND0002,0.6608727253840583,POP_A
IND0003,0.19739135831097354,POP_A
IND0004,-0.9849855751281562,POP_A
IND0005,-0.2900580585204907,POP_A
IND0006,1.2651770675712979,POP_A
IND0007,-0.049925910986252896,POP_A
IND0008,-1.5716427949561462,POP_A
IND0009,-2.4294363071754415,POP_A
IND0010,2.0927729014113705,POP_A
IND0011,1.5859336434058784,POP_A
IND0012,-0.23496443903109449,POP_A
IND0013,-1.0290017300935572,POP_A
IND0014,1.402540748290689,POP_A
IND0015,0.36544406436407834,POP_A
IND0016,1.2829641743333287,POP_A
IND0017,0.43082100300788273,POP_A
IND0018,1.6581428043971465,POP_A
IND0019,-2.2686566069719967,POP_A
IND0020,0.3579888336658029,POP_A
IND0021,-0.8137727282478777,POP_A
IND0022,0.28588281235882185,POP_A
IND0023,1.3223356758529043,POP_A
IND0024,0.07941592547713766,POP_A
IND0025,-0.840156476962528,POP_A
IND0026,-2.7743949988915717,POP_A
IND0027,2.577508171756253,POP_A
IND0028,0.06638599159811476,POP_A
IND0029,-1.2053524944663048,POP_A
IND0030,-1.3423778868940217,POP_A
IND0031,-0.6461138769674398,POP_A
IND0032,0.9869173718780685,POP_A
IND0033,1.0889201594663531,POP_A
IND0034,1.74166034068553,POP_A
IND0035,-1.3315478308648048,POP_A
IND0036,0.4775065426430628,POP_A
IND0037,-2.1894329246593345,POP_A
IND0038,-0.38774878091534337,POP_A
IND0039,0.6312882258385404,POP_A
IND0040,-1.2637924367236537,POP_A
IND0041,-0.9965393959626289,POP_A
IND0042,0.5932222915765575,POP_A
IND0043,-2.387384611014842,POP_A
IND0044,0.7884526946426693,POP_A
IND0045,2.365172873971736,POP_A
IND0046,-0.6724677325612305,POP_A
IND0047,0.7668713341626487,POP_A
IND0048,-1.6828697716158048,POP_A
IND0049,0.5353465327515654,POP_A
IND0050,-0.514115114500322,POP_A
IND0051,1.4564538940966183,POP_A
IND0052,0.03435840018752745,POP_A
IND0053,1.6635787979372654,POP_A
IND0054,-0.3487250722484376,POP_A
IND0055,0.4078797700727731,POP_A
IND0056,1.0513392643891666,POP_A
IND0057,-0.1913043248816149,POP_A
IND0058,-0.4054547606005816,POP_A
IND0059,-4.744035567362362,POP_A
IND0060,-0.9194522860016113,POP_A
IND0061,-0.6882126669282895,POP_A
IND0062,1.8828888615452457,POP_A
IND0063,0.6904853540677682,POP_A
IND0064,-1.1041208259418618,POP_A
IND0065,1.8990028165513948,POP_A
IND0066,0.8189537770993495,POP_A
IND0067,-1.696126971131124,POP_A
IND0068,1.3270068002947517,POP_A
IND0069,-1.3387941206719787,POP_A
IND0070,-0.16969046343305905,POP_A
IND0071,-2.130244656769829,POP_A
IND0072,-1.3972466660178717,POP_A
IND0073,1.357204043522922,POP_A
IND0074,-1.823138699413379,POP_A
IND0075,0.20585750185970017,POP_A
IND0076,2.2212097843805894,POP_A
IND0077,1.3167627387672844,POP_A
IND0078,1.5356166717101265,POP_A
IND0079,0.9651094613599294,POP_A
IND0080,-0.4313419493409731,POP_A
IND0081,-0.07971821090639905,POP_A
IND0082,-1.6873344339580298,POP_A
IND0083,-2.439122500273128,POP_A
IND0084,-0.4524680496170621,POP_A
IND0085,-1.6741150072068094,POP_A
IND0086,0.5931376098554493,POP_A
IND0087,-0.7121156722280481,POP_A
IND0088,0.49206900869795056,POP_A
IND0089,2.1694598605234057,POP_A
IND0090,-1.710000330272081,POP_A
IND0091,0.9308789515990993,POP_A
IND0092,0.129977265859476,POP_A
IND0093,-0.8823057374729575,POP_A
IND0094,-4.5607704082694625,POP_A
IND0095,-1.217308275934722,POP_A
IND0096,-0.5134282217532595,POP_A
IND0097,-2.404188602797676,POP_A
IND0098,0.43442364354585733,POP_A
IND0099,-0.6405395977018817,POP_A
IND0100,0.27608160704054585,POP_A
IND0101,-1.4460578543884546,POP_A
IND0102,0.07212950771386951,POP_A
IND0103,0.5341022368055506,POP_A
IND0104,1.2893600325489158,POP_A
IND0105,-0.8564230545107168,POP_A
IND0106,1.9815945329097997,POP_A
IND0107,0.630875935264316,POP_A
IND0108,-1.023497492621865,POP_A
IND0109,1.0495071976936563,POP_A
IND0110,1.283591629841118,POP_A
IND0111,0.8756827787671218,POP_A
IND0112,0.5199693976698653,POP_A
IND0113,1.4204660050188624,POP_A
IND0114,4.260449837888454,POP_A
IND0115,-1.6722678507961657,POP_A
IND0116,-0.446388149617735,POP_A
IND0117,0.8138871840691556,POP_A
IND0118,-0.38980980315576796,POP_A
IND0119,-1.3766861475563088,POP_A
IND0120,-0.04171723279092321,POP_A
IND0121,1.7046926868327787,POP_A
IND0122,-2.6561797054847114,POP_A
IND0123,-1.2169861016363737,POP_A
IND0124,-0.5647613525839643,POP_A
IND0125,-0.040148632139778484,POP_A
IND0126,1.319862712086459,POP_A
IND0127,2.90581882871051,POP_A
IND0128,0.8011361995400219,POP_A
IND0129,-0.9895381200318641,POP_A
IND0130,-2.132046280731309,POP_A
IND0131,0.2677114623438358,POP_A
IND0132,-1.4898092749156535,POP_A
IND0133,-0.2219938770476726,POP_A
IND0134,0.2581347636775322,POP_A
IND0135,-1.4945272456270402,POP_A
IND0136,0.187705030753484,POP_A
IND0137,-0.32645622902797017,POP_A
IND0138,-0.1586348370386883,POP_A
IND0139,0.027941193043541368,POP_A
IND0140,-1.2879561784403315,POP_A
IND0141,-1.3645831091074905,POP_A
IND0142,0.8164490119190198,POP_A
IND0143,3.5083930390545635,POP_A
IND0144,-0.9413640616932865,POP_A
IND0145,1.1761028941550702,POP_A
IND0146,-0.49929559853915206,POP_A
IND0147,-1.1849437664170246,POP_A
IND0148,-1.9571267900824125,POP_A
IND0149,-2.587467655123134,POP_A
IND0150,2.822911963041995,POP_B
IND0151,2.4768391149193243,POP_B
IND0152,2.023347355491632,POP_B
IND0153,-0.5883005890690799,POP_B
IND0154,2.986662727366871,POP_B
IND0155,0.4981705346949776,POP_B
IND0156,-0.7202865086743033,POP_B
IND0157,0.7674145322872779,POP_B
IND0158,-1.2184363064456032,POP_B
IND0159,-0.23131123735001397,POP_B
IND0160,1.7138410619677282,POP_B
IND0161,0.8294839507253788,POP_B
IND0162,-0.7849023641416206,POP_B
IND0163,1.327536545533485,POP_B
IND0164,3.6919436395720915,POP_B
IND0165,2.0863917382782233,POP_B
IND0166,0.7510779774006909,POP_B
IND0167,1.4706842913578297,POP_B
IND0168,2.677312151918983,POP_B
IND0169,-0.55258425475633,POP_B
IND0170,0.2835149997730936,POP_B
IND0171,0.6153575296846661,POP_B
IND0172,1.8069779733489129,POP_B
IND0173,2.591924553963437,POP_B
IND0174,0.8845877925038781,POP_B
IND0175,-0.7314338215425016,POP_B
IND0176,-2.125171193393891,POP_B
IND0177,4.006204732996629,POP_B
IND0178,2.216700930961296,POP_B
IND0179,-0.3814414929381995,POP_B
IND0180,-1.1401993152842136,POP_B
IND0181,2.961444292242202,POP_B
IND0182,0.2711758528438115,POP_B
IND0183,-1.3856581993310493,POP_B
IND0184,2.6984165091816714,POP_B
IND0185,1.4852105187292945,POP_B
IND0186,2.2364201062294273,POP_B
IND0187,3.2634724854070396,POP_B
IND0188,3.7644899327304855,POP_B
IND0189,3.4625715758063436,POP_B
IND0190,1.468806441789045,POP_B
IND0191,2.3223474144369103,POP_B
IND0192,-1.9369525324419081,POP_B
IND0193,-1.482598575683671,POP_B
IND0194,2.3972328551818096,POP_B
IND0195,-0.21727261886890337,POP_B
IND0196,-2.82053777205903,POP_B
IND0197,-1.026461641504867,POP_B
IND0198,4.156365667830694,POP_B
IND0199,-0.8980313009057364,POP_B
IND0200,-0.741335263525769,POP_B
IND0201,1.8860621294037618,POP_B
IND0202,-0.7048694469213024,POP_B
IND0203,3.559441646498816,POP_B
IND0204,-1.0971717571784592,POP_B
IND0205,2.2071144109533174,POP_B
IND0206,2.2157258834874396,POP_B
IND0207,0.4889155400845837,POP_B
IND0208,0.8323097450869454,POP_B
IND0209,1.6138072014833797,POP_B
IND0210,0.28979292704282544,POP_B
IND0211,0.5940205489266857,POP_B
IND0212,-0.4153961607193093,POP_B
IND0213,1.921591713270918,POP_B
IND0214,0.575088632403641,POP_B
IND0215,1.3859134309064474,POP_B
IND0216,-2.6818939278732183,POP_B
IND0217,0.22060661060078313,POP_B
IND0218,-1.1488154128190566,POP_B
IND0219,0.5941511377918003,POP_B
IND0220,1.5004631553456274,POP_B
IND0221,3.2609433353808606,POP_B
IND0222,-4.419976005645388,POP_B
IND0223,0.5307117116874902,POP_B
IND0224,-0.848696050167487,POP_B
IND0225,-1.5965460942984608,POP_B
IND0226,-1.626063022875776,POP_B
IND0227,1.712102545583425,POP_B
IND0228,2.363602347307092,POP_B
IND0229,0.004002252364596878,POP_B
IND0230,-0.5728702396013445,POP_B
IND0231,0.03295475460900943,POP_B
IND0232,4.499478674765639,POP_B
IND0233,0.21257741872596903,POP_B
IND0234,0.7830300631342446,POP_B
IND0235,2.2652749451551415,POP_B
IND0236,5.275298731977747,POP_B
IND0237,-1.7352152398415546,POP_B
IND0238,1.873293016161468,POP_B
IND0239,-0.4154564432077163,POP_B
IND0240,3.0272906239767603,POP_B
IND0241,0.1980010733270493,POP_B
IND0242,2.318317099927243,POP_B
IND0243,3.340932521931097,POP_B
IND0244,2.998361020335971,POP_B
IND0245,-0.6246628340015992,POP_B
IND0246,3.293092419415511,POP_B
IND0247,2.2453829586935825,POP_B
IND0248,0.38355105599117517,POP_B
IND0249,1.7887022244836719,POP_B
IND0250,0.7401598617762152,POP_B
IND0251,0.8228943160682834,POP_B
IND0252,-0.2058449162869555,POP_B
IND0253,3.0678055323124553,POP_B
IND0254,0.455101154714452,POP_B
IND0255,0.4649759769883179,POP_B
IND0256,2.2946973205273657,POP_B
IND0257,0.9835355244178688,POP_B
IND0258,-0.7039839825413442,POP_B
IND0259,2.371583976165935,POP_B
IND0260,0.524438201552351,POP_B
IND0261,2.6011582810805542,POP_B
IND0262,1.0097062914590296,POP_B
IND0263,3.6263096780311814,POP_B
IND0264,0.8016165836494035,POP_B
IND0265,-1.0948374209819147,POP_B
IND0266,1.6991329252388243,POP_B
IND0267,-0.8094046172458006,POP_B
IND0268,-0.39864705586931576,POP_B
IND0269,-0.761134855647738,POP_B
IND0270,3.096263023866689,POP_B
IND0271,1.1488625688211938,POP_B
IND0272,-1.1109459436412448,POP_B
IND0273,0.9066967274373505,POP_B
IND0274,1.4485753561118062,POP_B
IND0275,1.3510597779274116,POP_B
IND0276,0.7243240177231303,POP_B
IND0277,1.3965117319340392,POP_B
IND0278,-1.137678962142953,POP_B
IND0279,1.8459258952344813,POP_B
IND0280,4.711955098467838,POP_B
IND0281,-4.122317079797552,POP_B
IND0282,-2.8561038492452915,POP_B
IND0283,2.546743984109787,POP_B
IND0284,3.0460411940133243,POP_B
IND0285,-1.0492980201533844,POP_B
IND0286,-1.6104581416892376,POP_B
IND0287,1.3114466150405644,POP_B
IND0288,2.897253603947511,POP_B
IND0289,-0.8394191743093069,POP_B
IND0290,-1.2799644118609232,POP_B
IND0291,0.47965183529981803,POP_B
IND0292,1.5033494475153237,POP_B
IND0293,-0.06944737937749434,POP_B
IND0294,-1.2747858767046645,POP_B
IND0295,0.8501308114986263,POP_B
IND0296,1.9608767768750064,POP_B
IND0297,1.8455311739990585,POP_B
IND0298,2.3473152787610196,POP_B
IND0299,1.8103970891417345,POP_B
