snp_index,position_bp,snp_index_qc,snp_index_pruned
0,528.0,0,0
1,819.0,1,1
2,1356.0,2,2
3,1404.0,3,3
4,1698.0,4,4
6,1952.0,6,5
7,2117.0,7,6
9,3106.0,9,7
12,4136.0,12,8
13,4164.0,13,9
16,5681.0,15,10
20,8313.0,17,11
21,8455.0,18,12
23,8852.0,20,13
26,11756.0,22,14
31,12663.0,26,15
32,12856.0,27,16
36,13514.0,31,17
37,14941.0,32,18
41,16488.0,36,19
44,17606.0,39,20
53,20341.0,47,21
56,21351.0,50,22
74,25011.0,67,23
78,25890.0,71,24
83,27953.0,75,25
86,30720.0,78,26
89,31595.0,81,27
95,36034.0,87,28
97,38900.0,89,29
100,40447.0,92,30
105,41796.0,97,31
109,45090.0,100,32
115,46790.0,106,33
124,48753.0,115,34
128,50393.0,118,35
129,50483.0,119,36
138,52952.0,127,37
139,53275.0,128,38
141,53589.0,130,39
160,59645.0,144,40
166,60602.0,149,41
170,63157.0,153,42
180,66747.0,161,43
187,69227.0,167,44
197,73966.0,177,45
199,74260.0,179,46
200,74366.0,180,47
202,75197.0,182,48
210,77901.0,188,49
217,83021.0,195,50
219,83595.0,196,51
220,83651.0,197,52
227,88105.0,203,53
243,92413.0,215,54
245,93094.0,217,55
252,98191.0,224,56
259,101995.0,230,57
266,105765.0,235,58
270,107598.0,239,59
276,109728.0,245,60
287,114772.0,255,61
289,115602.0,257,62
291,116612.0,258,63
294,117726.0,261,64
300,121701.0,266,65
307,124011.0,272,66
310,125203.0,274,67
313,126397.0,276,68
319,128152.0,280,69
320,128308.0,281,70
329,132049.0,286,71
330,132777.0,287,72
332,133190.0,289,73
333,133746.0,290,74
338,134936.0,294,75
353,138346.0,306,76
359,140637.0,312,77
368,143331.0,320,78
370,143450.0,322,79
377,145041.0,328,80
386,149935.0,334,81
387,150302.0,335,82
389,151064.0,337,83
393,153135.0,341,84
403,160934.0,349,85
410,165276.0,354,86
415,166639.0,357,87
424,169693.0,363,88
427,170627.0,365,89
430,172109.0,367,90
433,172246.0,370,91
448,178574.0,384,92
451,180820.0,386,93
456,182603.0,391,94
462,183828.0,395,95
463,183890.0,396,96
468,184958.0,400,97
473,187357.0,404,98
475,188413.0,406,99
483,192341.0,413,100
487,193245.0,417,101
503,199807.0,432,102
505,200055.0,434,103
506,200184.0,435,104
509,202057.0,437,105
511,202434.0,439,106
519,203936.0,447,107
523,205080.0,450,108
526,205739.0,453,109
538,208583.0,463,110
541,209491.0,466,111
544,209939.0,469,112
551,212543.0,475,113
552,212817.0,476,114
558,216034.0,481,115
559,216293.0,482,116
566,217604.0,489,117
571,219177.0,494,118
603,228780.0,522,119
610,231179.0,527,120
623,239189.0,537,121
624,239211.0,538,122
634,241747.0,546,123
644,246267.0,554,124
650,247176.0,559,125
652,248177.0,561,126
654,248577.0,563,127
663,251390.0,572,128
667,253006.0,576,129
670,256188.0,579,130
675,257182.0,583,131
677,257943.0,585,132
685,260588.0,587,133
687,261024.0,589,134
693,263149.0,594,135
697,266136.0,598,136
707,268826.0,607,137
708,269253.0,608,138
716,271232.0,615,139
718,271909.0,616,140
719,272386.0,617,141
729,276794.0,623,142
754,288861.0,642,143
766,293763.0,652,144
767,294344.0,653,145
768,294386.0,654,146
769,294434.0,655,147
770,294834.0,656,148
771,294883.0,657,149
773,296150.0,658,150
774,296698.0,659,151
781,299998.0,665,152
782,300291.0,666,153
786,301984.0,669,154
793,303659.0,675,155
798,306705.0,680,156
800,307694.0,682,157
805,309652.0,687,158
808,310747.0,689,159
812,311703.0,693,160
814,312445.0,695,161
821,315600.0,701,162
822,316385.0,702,163
828,318170.0,707,164
837,323928.0,711,165
845,326949.0,718,166
855,331335.0,724,167
860,332672.0,728,168
861,333374.0,729,169
865,334225.0,733,170
866,334255.0,734,171
869,335716.0,737,172
897,344311.0,760,173
904,346794.0,766,174
909,348003.0,771,175
911,348809.0,773,176
914,349201.0,776,177
916,350959.0,778,178
928,357371.0,787,179
932,358551.0,789,180
939,360022.0,794,181
941,360471.0,796,182
947,362239.0,802,183
948,362323.0,803,184
949,362997.0,804,185
960,366637.0,813,186
961,366745.0,814,187
966,369553.0,818,188
970,370647.0,821,189
982,373526.0,832,190
986,374214.0,836,191
990,374775.0,840,192
994,376123.0,844,193
1008,384068.0,853,194
1011,385389.0,856,195
1018,387270.0,862,196
1023,389529.0,866,197
1026,390670.0,868,198
1029,392901.0,870,199
1031,393915.0,871,200
1033,394555.0,873,201
1035,394935.0,875,202
1036,396334.0,876,203
1038,397027.0,878,204
1042,398183.0,881,205
1043,399399.0,882,206
1046,402514.0,885,207
1049,404216.0,888,208
1054,407432.0,891,209
1056,407485.0,893,210
1062,412895.0,898,211
1063,413284.0,899,212
1085,423967.0,918,213
1086,425479.0,919,214
1088,426559.0,920,215
1091,428974.0,922,216
1092,429088.0,923,217
1102,432377.0,933,218
1113,437934.0,941,219
1121,443695.0,946,220
1128,446773.0,952,221
1135,449801.0,958,222
1139,451377.0,961,223
1142,453235.0,963,224
1143,454113.0,964,225
1144,455622.0,965,226
1146,457062.0,967,227
1148,458721.0,969,228
1152,459853.0,971,229
1155,463312.0,973,230
1158,464688.0,976,231
1163,468646.0,980,232
1170,471344.0,985,233
1172,472260.0,987,234
1176,474521.0,990,235
1184,478040.0,997,236
1185,479011.0,998,237
1193,482163.0,1005,238
1197,484682.0,1008,239
1204,487841.0,1013,240
1208,489293.0,1017,241
1210,490204.0,1019,242
1211,490669.0,1020,243
1212,491025.0,1021,244
1217,494565.0,1025,245
1221,497274.0,1029,246
1224,499281.0,1031,247
1225,499907.0,1032,248
1226,501770.0,1033,249
1229,503715.0,1036,250
1230,504074.0,1037,251
1231,504440.0,1038,252
1234,506840.0,1039,253
1236,507425.0,1041,254
1238,508111.0,1042,255
1246,511116.0,1049,256
1248,511526.0,1051,257
1271,519982.0,1072,258
1284,523816.0,1083,259
1285,523889.0,1084,260
1292,525163.0,1090,261
1293,525489.0,1091,262
1295,526183.0,1093,263
1306,534396.0,1103,264
1308,535638.0,1105,265
1309,536271.0,1106,266
1312,536472.0,1109,267
1317,539789.0,1112,268
1320,540794.0,1115,269
1321,541219.0,1116,270
1332,544991.0,1127,271
1333,545485.0,1128,272
1339,547205.0,1134,273
1341,547625.0,1136,274
1354,551471.0,1148,275
1359,552919.0,1153,276
1363,554883.0,1156,277
1371,557453.0,1162,278
1388,563259.0,1179,279
1394,566149.0,1185,280
1402,568683.0,1193,281
1403,568942.0,1194,282
1405,570697.0,1196,283
1410,572347.0,1201,284
1413,573547.0,1204,285
1418,577735.0,1207,286
1421,579908.0,1209,287
1439,586828.0,1225,288
1443,588586.0,1229,289
1446,589406.0,1232,290
1449,590877.0,1234,291
1453,591634.0,1237,292
1469,596306.0,1251,293
1473,597984.0,1253,294
1480,600498.0,1260,295
1484,604687.0,1264,296
1486,605915.0,1266,297
1490,607180.0,1267,298
1495,609748.0,1272,299
1502,611428.0,1278,300
1506,613658.0,1280,301
1508,614312.0,1282,302
1511,617650.0,1285,303
1514,618174.0,1288,304
1521,619731.0,1292,305
1537,625729.0,1308,306
1544,627103.0,1314,307
1552,629740.0,1322,308
1555,631198.0,1324,309
1559,632372.0,1328,310
1563,634611.0,1332,311
1564,634659.0,1333,312
1572,636507.0,1341,313
1575,638145.0,1343,314
1582,641393.0,1349,315
1589,644004.0,1356,316
1596,647116.0,1362,317
1598,647854.0,1364,318
1602,651468.0,1367,319
1609,653375.0,1373,320
1614,654174.0,1378,321
1620,655714.0,1383,322
1621,656228.0,1384,323
1628,658870.0,1390,324
1633,660169.0,1395,325
1638,660783.0,1400,326
1641,662129.0,1403,327
1652,667313.0,1413,328
1659,671441.0,1416,329
1660,671521.0,1417,330
1668,676228.0,1423,331
1670,677140.0,1424,332
1673,677741.0,1427,333
1690,682873.0,1442,334
1699,687019.0,1451,335
1702,688195.0,1454,336
1703,688264.0,1455,337
1720,696024.0,1470,338
1725,696760.0,1473,339
1740,704099.0,1486,340
1743,705936.0,1489,341
1756,709839.0,1500,342
1757,709928.0,1501,343
1767,713592.0,1508,344
1768,713896.0,1509,345
1774,716359.0,1511,346
1778,717423.0,1513,347
1782,719860.0,1516,348
1787,720973.0,1520,349
1807,723406.0,1539,350
1814,725268.0,1544,351
1821,727941.0,1551,352
1824,729142.0,1554,353
1834,735004.0,1563,354
1844,740412.0,1573,355
1845,741124.0,1574,356
1848,741996.0,1575,357
1862,749487.0,1586,358
1869,751036.0,1593,359
1872,753718.0,1596,360
1881,757503.0,1602,361
1882,758152.0,1603,362
1897,767377.0,1614,363
1898,767558.0,1615,364
1902,770911.0,1619,365
1906,772302.0,1622,366
1910,773869.0,1626,367
1911,775254.0,1627,368
1934,782189.0,1644,369
1935,782238.0,1645,370
1939,783604.0,1648,371
1943,785075.0,1651,372
1945,785162.0,1653,373
1956,791783.0,1662,374
1962,795131.0,1667,375
1970,796633.0,1673,376
1973,798703.0,1676,377
1983,802561.0,1682,378
1987,803330.0,1684,379
1989,804376.0,1686,380
1994,807830.0,1691,381
1995,808937.0,1692,382
2000,813270.0,1695,383
2007,816564.0,1701,384
2009,818271.0,1702,385
2013,819785.0,1705,386
2014,820063.0,1706,387
2020,822514.0,1711,388
2022,822703.0,1713,389
2027,825001.0,1717,390
2035,828206.0,1724,391
2045,831812.0,1732,392
2047,832785.0,1734,393
2066,839140.0,1752,394
2084,845025.0,1767,395
2085,845134.0,1768,396
2089,845743.0,1772,397
2097,852375.0,1780,398
2098,852383.0,1781,399
2100,854769.0,1783,400
2102,854829.0,1785,401
2131,863243.0,1812,402
2136,863579.0,1816,403
2139,864241.0,1819,404
2148,867656.0,1826,405
2152,870006.0,1830,406
2156,870298.0,1834,407
2172,878453.0,1848,408
2176,881879.0,1851,409
2177,882046.0,1852,410
2184,884981.0,1858,411
2189,888694.0,1861,412
2190,889620.0,1862,413
2192,890267.0,1864,414
2196,892041.0,1867,415
2200,893271.0,1871,416
2203,894442.0,1874,417
2216,899884.0,1886,418
2219,900256.0,1888,419
2220,900579.0,1889,420
2222,901053.0,1891,421
2229,905827.0,1896,422
2230,907021.0,1897,423
2232,908730.0,1898,424
2243,911801.0,1907,425
2244,911989.0,1908,426
2248,912859.0,1911,427
2250,913301.0,1913,428
2252,916040.0,1915,429
2253,916043.0,1916,430
2261,918533.0,1924,431
2288,924477.0,1946,432
2298,926995.0,1953,433
2306,928992.0,1960,434
2309,930224.0,1962,435
2317,933525.0,1969,436
2318,933766.0,1970,437
2321,934926.0,1973,438
2334,939458.0,1986,439
2339,941457.0,1990,440
2344,942792.0,1995,441
2355,944126.0,2004,442
2358,946052.0,2006,443
2369,950544.0,2015,444
2373,952067.0,2019,445
2379,957599.0,2024,446
2383,959565.0,2027,447
2387,960340.0,2030,448
2392,962857.0,2034,449
2402,966969.0,2042,450
2403,967403.0,2043,451
2405,967541.0,2045,452
2408,968411.0,2047,453
2419,973424.0,2055,454
2425,975790.0,2061,455
2426,976082.0,2062,456
2431,978382.0,2067,457
2432,978502.0,2068,458
2433,979062.0,2069,459
2437,981355.0,2073,460
2438,982106.0,2074,461
2445,983525.0,2080,462
2450,987723.0,2085,463
2458,990879.0,2093,464
2463,992924.0,2097,465
2482,997543.0,2114,466
2486,998212.0,2116,467
2492,1000365.0,2122,468
2496,1001996.0,2125,469
2498,1002127.0,2126,470
2500,1002882.0,2128,471
2508,1006708.0,2136,472
2509,1007139.0,2137,473
2519,1009809.0,2146,474
2529,1013455.0,2155,475
2532,1014915.0,2158,476
2535,1016861.0,2161,477
2539,1019199.0,2165,478
2540,1019250.0,2166,479
2545,1020397.0,2170,480
2563,1024031.0,2188,481
2566,1024735.0,2190,482
2574,1031791.0,2197,483
2584,1035760.0,2206,484
2590,1038147.0,2211,485
2592,1039921.0,2213,486
2595,1040900.0,2216,487
2598,1042251.0,2219,488
2605,1044564.0,2225,489
2619,1048992.0,2237,490
2621,1049642.0,2239,491
2622,1049788.0,2240,492
2624,1050545.0,2241,493
2638,1054321.0,2255,494
2643,1055351.0,2260,495
2658,1059938.0,2274,496
2662,1061747.0,2278,497
2672,1065529.0,2288,498
2673,1066202.0,2289,499
2675,1066389.0,2291,500
2680,1068961.0,2294,501
2686,1071923.0,2298,502
2688,1072471.0,2300,503
2701,1076345.0,2312,504
2707,1078107.0,2317,505
2714,1081136.0,2324,506
2719,1083149.0,2328,507
2728,1085979.0,2336,508
2732,1086124.0,2339,509
2733,1087319.0,2340,510
2738,1090240.0,2345,511
2752,1095125.0,2355,512
2757,1096635.0,2359,513
2762,1097623.0,2363,514
2766,1098367.0,2367,515
2770,1100413.0,2371,516
2771,1100432.0,2372,517
2787,1105677.0,2386,518
2794,1106733.0,2392,519
2807,1110771.0,2401,520
2810,1111953.0,2404,521
2831,1118646.0,2422,522
2838,1120646.0,2426,523
2839,1120833.0,2427,524
2851,1124410.0,2438,525
2855,1125877.0,2441,526
2856,1126137.0,2442,527
2858,1126461.0,2444,528
2864,1127518.0,2449,529
2865,1127870.0,2450,530
2875,1130000.0,2460,531
2893,1134068.0,2475,532
2905,1138864.0,2486,533
2915,1141951.0,2495,534
2921,1145367.0,2501,535
2924,1145693.0,2504,536
2927,1147565.0,2507,537
2932,1148979.0,2512,538
2943,1151130.0,2520,539
2952,1153548.0,2529,540
2957,1154273.0,2533,541
2958,1154517.0,2534,542
2959,1154538.0,2535,543
2961,1155744.0,2537,544
2963,1157744.0,2538,545
2970,1160543.0,2542,546
3004,1174629.0,2573,547
3011,1179367.0,2577,548
3015,1181724.0,2581,549
3017,1182635.0,2583,550
3020,1183583.0,2586,551
3028,1188709.0,2594,552
3033,1190154.0,2597,553
3041,1191872.0,2605,554
3054,1199316.0,2617,555
3058,1201265.0,2621,556
3059,1201565.0,2622,557
3069,1205261.0,2631,558
3071,1206616.0,2633,559
3079,1208744.0,2640,560
3088,1211130.0,2648,561
3100,1214428.0,2659,562
3108,1217769.0,2666,563
3118,1221141.0,2674,564
3119,1221582.0,2675,565
3127,1225161.0,2683,566
3136,1228814.0,2690,567
3139,1230221.0,2693,568
3141,1231451.0,2695,569
3142,1231473.0,2696,570
3143,1232035.0,2697,571
3146,1232485.0,2700,572
3150,1236023.0,2704,573
3159,1240684.0,2712,574
3160,1241097.0,2713,575
3167,1243354.0,2718,576
3169,1243630.0,2720,577
3188,1248854.0,2738,578
3190,1249079.0,2740,579
3202,1252293.0,2750,580
3207,1254469.0,2754,581
3214,1257563.0,2760,582
3215,1257825.0,2761,583
3217,1258820.0,2763,584
3223,1262566.0,2768,585
3227,1264583.0,2771,586
3232,1265839.0,2776,587
3240,1267924.0,2782,588
3251,1273416.0,2791,589
3252,1273469.0,2792,590
3262,1277394.0,2801,591
3281,1284919.0,2819,592
3284,1286605.0,2822,593
3285,1286945.0,2823,594
3289,1287814.0,2826,595
3294,1291152.0,2830,596
3297,1292041.0,2833,597
3300,1292829.0,2836,598
3316,1296935.0,2849,599
3324,1298741.0,2857,600
3330,1300678.0,2863,601
3334,1302445.0,2866,602
3338,1304076.0,2870,603
3343,1305021.0,2875,604
3357,1314285.0,2888,605
3368,1320630.0,2897,606
3369,1321339.0,2898,607
3373,1322561.0,2900,608
3378,1325966.0,2905,609
3386,1329903.0,2910,610
3392,1334324.0,2915,611
3397,1335444.0,2919,612
3398,1336540.0,2920,613
3399,1336568.0,2921,614
3402,1337735.0,2924,615
3406,1338973.0,2928,616
3414,1340929.0,2936,617
3419,1343246.0,2941,618
3423,1344590.0,2944,619
3424,1344849.0,2945,620
3425,1344966.0,2946,621
3437,1348144.0,2956,622
3442,1350519.0,2960,623
3444,1351285.0,2962,624
3462,1357687.0,2978,625
3466,1358401.0,2982,626
3467,1358438.0,2983,627
3473,1359617.0,2988,628
3474,1359705.0,2989,629
3480,1361986.0,2993,630
3489,1363987.0,3002,631
3501,1368611.0,3011,632
3503,1369761.0,3013,633
3514,1374221.0,3021,634
3517,1375568.0,3024,635
3518,1376037.0,3025,636
3521,1377329.0,3027,637
3524,1380022.0,3029,638
3526,1380963.0,3030,639
3532,1382559.0,3035,640
3534,1383936.0,3037,641
3537,1385669.0,3038,642
3542,1387788.0,3043,643
3547,1389048.0,3048,644
3566,1397480.0,3066,645
3569,1398770.0,3068,646
3571,1399145.0,3070,647
3579,1400773.0,3076,648
3597,1404546.0,3090,649
3600,1405174.0,3093,650
3610,1407350.0,3102,651
3612,1407876.0,3104,652
3619,1409206.0,3111,653
3626,1409904.0,3118,654
3630,1410883.0,3122,655
3636,1413852.0,3128,656
3644,1417325.0,3135,657
3647,1418265.0,3138,658
3648,1418525.0,3139,659
3654,1420996.0,3145,660
3655,1422082.0,3146,661
3659,1423880.0,3150,662
3661,1425556.0,3152,663
3662,1426758.0,3153,664
3669,1430808.0,3160,665
3683,1434868.0,3173,666
3685,1437212.0,3175,667
3687,1438170.0,3177,668
3689,1439572.0,3179,669
3690,1439698.0,3180,670
3701,1442656.0,3191,671
3708,1444931.0,3198,672
3709,1445456.0,3199,673
3714,1447711.0,3204,674
3718,1450802.0,3208,675
3733,1456943.0,3223,676
3752,1464026.0,3237,677
3760,1466872.0,3245,678
3771,1471479.0,3249,679
3788,1479592.0,3264,680
3791,1482931.0,3267,681
3794,1485530.0,3270,682
3795,1485533.0,3271,683
3797,1486759.0,3272,684
3799,1488681.0,3274,685
3804,1492473.0,3278,686
3824,1499641.0,3296,687
3826,1500159.0,3298,688
3833,1502223.0,3304,689
3859,1514625.0,3328,690
3874,1520879.0,3343,691
3881,1522335.0,3349,692
3887,1525586.0,3355,693
3889,1525701.0,3356,694
3891,1527306.0,3358,695
3914,1536403.0,3380,696
3916,1538109.0,3382,697
3918,1538309.0,3384,698
3930,1541995.0,3396,699
3931,1543261.0,3397,700
3933,1543646.0,3398,701
3934,1544118.0,3399,702
3939,1546419.0,3403,703
3946,1547532.0,3407,704
3954,1549587.0,3413,705
3956,1550479.0,3415,706
3957,1550683.0,3416,707
3959,1551619.0,3417,708
3966,1553929.0,3422,709
3967,1554011.0,3423,710
3976,1563754.0,3429,711
3980,1565855.0,3432,712
3982,1567112.0,3433,713
3984,1569051.0,3435,714
3988,1571494.0,3438,715
3990,1572234.0,3440,716
4014,1582279.0,3461,717
4017,1583072.0,3464,718
4020,1584417.0,3467,719
4025,1586362.0,3472,720
4039,1590869.0,3483,721
4048,1594016.0,3492,722
4052,1595910.0,3493,723
4056,1598580.0,3497,724
4058,1600804.0,3499,725
4069,1603973.0,3509,726
4071,1604703.0,3510,727
4074,1607251.0,3512,728
4076,1608143.0,3514,729
4089,1613737.0,3526,730
4092,1615164.0,3527,731
4096,1616594.0,3531,732
4097,1617472.0,3532,733
4099,1617972.0,3533,734
4101,1619117.0,3535,735
4105,1623352.0,3538,736
4106,1623639.0,3539,737
4113,1629697.0,3544,738
4114,1630064.0,3545,739
4117,1631628.0,3547,740
4118,1632374.0,3548,741
4122,1634035.0,3550,742
4124,1634623.0,3552,743
4140,1641503.0,3560,744
4141,1642578.0,3561,745
4151,1651132.0,3568,746
4156,1653525.0,3572,747
4161,1656004.0,3576,748
4162,1656141.0,3577,749
4172,1658685.0,3587,750
4174,1659435.0,3589,751
4177,1660708.0,3592,752
4179,1661109.0,3593,753
4182,1663426.0,3596,754
4193,1668946.0,3605,755
4195,1670954.0,3607,756
4196,1671212.0,3608,757
4209,1677197.0,3619,758
4215,1678456.0,3623,759
4232,1685875.0,3636,760
4236,1686899.0,3638,761
4241,1689917.0,3642,762
4243,1691714.0,3643,763
4245,1692243.0,3645,764
4246,1692665.0,3646,765
4253,1695778.0,3651,766
4254,1695981.0,3652,767
4262,1699359.0,3657,768
4271,1704457.0,3666,769
4278,1705643.0,3670,770
4280,1706475.0,3672,771
4282,1706906.0,3674,772
4283,1707270.0,3675,773
4285,1707339.0,3677,774
4289,1709215.0,3680,775
4294,1712399.0,3684,776
4311,1720293.0,3697,777
4320,1722854.0,3705,778
4321,1723512.0,3706,779
4323,1724457.0,3707,780
4324,1724711.0,3708,781
4333,1728818.0,3716,782
4344,1732241.0,3723,783
4345,1732491.0,3724,784
4355,1735301.0,3732,785
4356,1736411.0,3733,786
4358,1737295.0,3734,787
4362,1738483.0,3737,788
4364,1738714.0,3739,789
4366,1739224.0,3741,790
4367,1739283.0,3742,791
4385,1744039.0,3757,792
4401,1752197.0,3773,793
4403,1753447.0,3775,794
4405,1754146.0,3777,795
4409,1755571.0,3780,796
4411,1755744.0,3782,797
4414,1756257.0,3785,798
4417,1758309.0,3787,799
4419,1758528.0,3789,800
4422,1760004.0,3792,801
4433,1763326.0,3801,802
4440,1765409.0,3806,803
4442,1765790.0,3808,804
4448,1766648.0,3814,805
4453,1768204.0,3819,806
4464,1770278.0,3828,807
4469,1770773.0,3833,808
4476,1773843.0,3838,809
4479,1774661.0,3841,810
4483,1776415.0,3845,811
4485,1777143.0,3847,812
4491,1780187.0,3851,813
4493,1781024.0,3853,814
4496,1781967.0,3856,815
4500,1783629.0,3858,816
4521,1790655.0,3878,817
4538,1795383.0,3891,818
4540,1795674.0,3892,819
4548,1799451.0,3899,820
4556,1804323.0,3906,821
4559,1806781.0,3909,822
4563,1808441.0,3911,823
4571,1812941.0,3918,824
4572,1813065.0,3919,825
4576,1815307.0,3923,826
4577,1815675.0,3924,827
4592,1821252.0,3936,828
4593,1821845.0,3937,829
4595,1822489.0,3939,830
4601,1824802.0,3945,831
4602,1824986.0,3946,832
4606,1826079.0,3950,833
4607,1826182.0,3951,834
4621,1831097.0,3962,835
4629,1832430.0,3969,836
4633,1834501.0,3973,837
4645,1837093.0,3984,838
4650,1839156.0,3989,839
4652,1839674.0,3991,840
4663,1843170.0,4002,841
4672,1845933.0,4011,842
4674,1846108.0,4013,843
4678,1847140.0,4016,844
4694,1851107.0,4032,845
4697,1851400.0,4034,846
4704,1854376.0,4041,847
4714,1856273.0,4049,848
4727,1863049.0,4060,849
4730,1864635.0,4063,850
4737,1866803.0,4070,851
4739,1867339.0,4072,852
4741,1868137.0,4074,853
4747,1870572.0,4079,854
4763,1875869.0,4092,855
4765,1876394.0,4093,856
4769,1878990.0,4096,857
4770,1879326.0,4097,858
4771,1879372.0,4098,859
4774,1879877.0,4101,860
4777,1881138.0,4104,861
4785,1887877.0,4112,862
4789,1888545.0,4116,863
4792,1891169.0,4119,864
4795,1894207.0,4121,865
4803,1897353.0,4128,866
4804,1897370.0,4129,867
4810,1899021.0,4134,868
4811,1899324.0,4135,869
4818,1903768.0,4141,870
4829,1908405.0,4150,871
4831,1908626.0,4152,872
4835,1910200.0,4156,873
4843,1916865.0,4164,874
4850,1918550.0,4170,875
4864,1922580.0,4179,876
4871,1926181.0,4186,877
4873,1926315.0,4188,878
4877,1927256.0,4191,879
4887,1931626.0,4200,880
4891,1932601.0,4203,881
4895,1934354.0,4206,882
4899,1936080.0,4209,883
4904,1937716.0,4213,884
4912,1939817.0,4221,885
4913,1939837.0,4222,886
4927,1944073.0,4236,887
4957,1955759.0,4259,888
4961,1956907.0,4263,889
4968,1958347.0,4268,890
4977,1961321.0,4273,891
4981,1962264.0,4274,892
4986,1963991.0,4277,893
4993,1967929.0,4283,894
4995,1968482.0,4285,895
4998,1969421.0,4288,896
5009,1974296.0,4298,897
5011,1975022.0,4299,898
5019,1977231.0,4307,899
5022,1978307.0,4310,900
5029,1981195.0,4314,901
5036,1983012.0,4321,902
5053,1987704.0,4335,903
5055,1988401.0,4337,904
5056,1988662.0,4338,905
5079,1997359.0,4359,906
5082,1998797.0,4362,907
5094,2001916.0,4373,908
5100,2005331.0,4378,909
5102,2006085.0,4380,910
5103,2006125.0,4381,911
5109,2008333.0,4384,912
5112,2009042.0,4387,913
5115,2010419.0,4388,914
5122,2013098.0,4394,915
5125,2014610.0,4396,916
5128,2015446.0,4399,917
5132,2016939.0,4402,918
5133,2016941.0,4403,919
5139,2018904.0,4409,920
5141,2020100.0,4411,921
5144,2021215.0,4413,922
5145,2021345.0,4414,923
5168,2033147.0,4431,924
5170,2033623.0,4432,925
5176,2037381.0,4436,926
5179,2038246.0,4439,927
5181,2039436.0,4441,928
5182,2039660.0,4442,929
5184,2040643.0,4444,930
5185,2041501.0,4445,931
5186,2042514.0,4446,932
5189,2043746.0,4449,933
5198,2048230.0,4456,934
5200,2048862.0,4457,935
5210,2051734.0,4465,936
5214,2053335.0,4468,937
5215,2053568.0,4469,938
5220,2055456.0,4474,939
5237,2062316.0,4489,940
5242,2064404.0,4494,941
5246,2065691.0,4498,942
5248,2066355.0,4500,943
5252,2069208.0,4504,944
5255,2069612.0,4507,945
5257,2070574.0,4509,946
5272,2076217.0,4524,947
5276,2076520.0,4528,948
5290,2079148.0,4541,949
5295,2080060.0,4545,950
5300,2081371.0,4550,951
5305,2083739.0,4555,952
5307,2085001.0,4556,953
5312,2086922.0,4560,954
5319,2090829.0,4567,955
5321,2092193.0,4569,956
5324,2093219.0,4571,957
5334,2097185.0,4580,958
5340,2100378.0,4586,959
5344,2100827.0,4589,960
5348,2102929.0,4593,961
5351,2104911.0,4596,962
5354,2105280.0,4599,963
5364,2111536.0,4609,964
5368,2113161.0,4611,965
5370,2114339.0,4613,966
5382,2121825.0,4625,967
5385,2122238.0,4628,968
5386,2122911.0,4629,969
5387,2123385.0,4630,970
5394,2126814.0,4635,971
5404,2130465.0,4645,972
5410,2130984.0,4651,973
5417,2132264.0,4657,974
5427,2137628.0,4666,975
5432,2138935.0,4669,976
5434,2139598.0,4671,977
5437,2140710.0,4674,978
5438,2140791.0,4675,979
5444,2142886.0,4681,980
5455,2151664.0,4691,981
5461,2153967.0,4697,982
5476,2161670.0,4711,983
5484,2162841.0,4719,984
5485,2163599.0,4720,985
5490,2164433.0,4725,986
5499,2166615.0,4734,987
5505,2168474.0,4740,988
5509,2170634.0,4742,989
5510,2171123.0,4743,990
5513,2172090.0,4746,991
5518,2174495.0,4751,992
5529,2180370.0,4761,993
5530,2180777.0,4762,994
5533,2182254.0,4765,995
5538,2184646.0,4769,996
5542,2185557.0,4773,997
5544,2186180.0,4775,998
5562,2190417.0,4791,999
5565,2191816.0,4793,1000
5567,2193070.0,4795,1001
5569,2193519.0,4797,1002
5573,2194945.0,4801,1003
5574,2195051.0,4802,1004
5583,2197254.0,4810,1005
5587,2197534.0,4814,1006
5590,2198985.0,4817,1007
5592,2199311.0,4819,1008
5601,2202067.0,4827,1009
5604,2205198.0,4830,1010
5619,2210846.0,4840,1011
5621,2211865.0,4842,1012
5624,2212584.0,4845,1013
5633,2214865.0,4854,1014
5635,2215233.0,4856,1015
5636,2215574.0,4857,1016
5641,2217039.0,4862,1017
5650,2222617.0,4870,1018
5670,2229944.0,4889,1019
5675,2231993.0,4894,1020
5683,2233131.0,4902,1021
5686,2234204.0,4905,1022
5692,2235314.0,4910,1023
5694,2237740.0,4912,1024
5697,2239099.0,4915,1025
5702,2242394.0,4920,1026
5707,2243389.0,4925,1027
5717,2249531.0,4934,1028
5718,2249642.0,4935,1029
5719,2249661.0,4936,1030
5720,2250070.0,4937,1031
5728,2251948.0,4944,1032
5733,2253363.0,4948,1033
5745,2258137.0,4959,1034
5750,2260694.0,4964,1035
5764,2265085.0,4976,1036
5765,2265477.0,4977,1037
5769,2267198.0,4981,1038
5772,2268414.0,4983,1039
5775,2269822.0,4986,1040
5778,2270377.0,4989,1041
5783,2272888.0,4992,1042
5788,2275307.0,4997,1043
5797,2279707.0,5002,1044
5802,2280693.0,5007,1045
5805,2281731.0,5009,1046
5806,2282360.0,5010,1047
5807,2283058.0,5011,1048
5812,2284536.0,5014,1049
5814,2285294.0,5016,1050
5817,2288086.0,5019,1051
5835,2293555.0,5037,1052
5843,2297178.0,5043,1053
5854,2299482.0,5053,1054
5859,2301022.0,5057,1055
5869,2305726.0,5066,1056
5876,2310974.0,5071,1057
5878,2313055.0,5073,1058
5880,2314079.0,5074,1059
5888,2317851.0,5081,1060
5905,2323956.0,5096,1061
5906,2324338.0,5097,1062
5919,2327969.0,5109,1063
5920,2328045.0,5110,1064
5925,2330080.0,5115,1065
5930,2331864.0,5119,1066
5934,2332574.0,5123,1067
5937,2333203.0,5126,1068
5945,2335732.0,5133,1069
5951,2338795.0,5138,1070
5953,2338947.0,5140,1071
5957,2339653.0,5143,1072
5962,2342508.0,5147,1073
5968,2345176.0,5153,1074
5973,2348874.0,5158,1075
5977,2350447.0,5162,1076
5983,2354973.0,5168,1077
5984,2356453.0,5169,1078
5994,2358879.0,5176,1079
6012,2367943.0,5193,1080
6013,2369658.0,5194,1081
6018,2372310.0,5198,1082
6029,2375984.0,5209,1083
6036,2379904.0,5215,1084
6043,2383402.0,5221,1085
6052,2386141.0,5229,1086
6057,2387767.0,5233,1087
6063,2389730.0,5239,1088
6065,2389909.0,5241,1089
6072,2393058.0,5247,1090
6078,2395666.0,5253,1091
6085,2397995.0,5260,1092
6087,2400026.0,5261,1093
6088,2400321.0,5262,1094
6090,2401108.0,5264,1095
6093,2402284.0,5266,1096
6100,2404689.0,5273,1097
6114,2409012.0,5284,1098
6121,2410925.0,5291,1099
6124,2411354.0,5294,1100
6136,2418701.0,5303,1101
6162,2428939.0,5323,1102
6183,2437576.0,5341,1103
6189,2442307.0,5347,1104
6190,2442366.0,5348,1105
6202,2447395.0,5358,1106
6205,2447792.0,5361,1107
6206,2448297.0,5362,1108
6208,2449367.0,5364,1109
6210,2449464.0,5365,1110
6211,2449681.0,5366,1111
6219,2453518.0,5374,1112
6249,2457650.0,5402,1113
6253,2460711.0,5406,1114
6256,2461147.0,5409,1115
6264,2463642.0,5416,1116
6265,2463932.0,5417,1117
6272,2467163.0,5424,1118
6278,2469093.0,5429,1119
6290,2471931.0,5440,1120
6293,2472713.0,5443,1121
6297,2474530.0,5446,1122
6303,2475401.0,5452,1123
6304,2475762.0,5453,1124
6315,2480058.0,5463,1125
6316,2480232.0,5464,1126
6320,2482665.0,5468,1127
6330,2487480.0,5477,1128
6335,2488887.0,5481,1129
6338,2489470.0,5484,1130
6356,2501228.0,5500,1131
6362,2503471.0,5505,1132
6365,2505012.0,5508,1133
6369,2507681.0,5511,1134
6373,2508909.0,5515,1135
6376,2510393.0,5518,1136
6378,2510773.0,5520,1137
6383,2512928.0,5524,1138
6384,2513274.0,5525,1139
6386,2513948.0,5527,1140
6391,2516469.0,5532,1141
6393,2517318.0,5534,1142
6396,2518773.0,5536,1143
6397,2518811.0,5537,1144
6398,2519147.0,5538,1145
6401,2520014.0,5540,1146
6408,2521921.0,5545,1147
6410,2522758.0,5546,1148
6411,2522870.0,5547,1149
6414,2524539.0,5549,1150
6425,2526592.0,5560,1151
6433,2533254.0,5567,1152
6440,2535797.0,5574,1153
6442,2535899.0,5576,1154
6447,2539315.0,5580,1155
6448,2539942.0,5581,1156
6457,2543112.0,5589,1157
6459,2543488.0,5591,1158
6466,2546582.0,5596,1159
6481,2552446.0,5609,1160
6485,2553036.0,5613,1161
6505,2561696.0,5631,1162
6508,2562471.0,5634,1163
6513,2565916.0,5637,1164
6516,2567423.0,5640,1165
6518,2568297.0,5642,1166
6535,2572221.0,5658,1167
6537,2572989.0,5660,1168
6544,2575700.0,5665,1169
6545,2575809.0,5666,1170
6548,2576096.0,5668,1171
6553,2578727.0,5673,1172
6556,2579401.0,5675,1173
6557,2580107.0,5676,1174
6558,2580352.0,5677,1175
6559,2580406.0,5678,1176
6568,2584096.0,5686,1177
6573,2586998.0,5691,1178
6588,2597411.0,5702,1179
6590,2598154.0,5704,1180
6601,2604668.0,5714,1181
6602,2604704.0,5715,1182
6604,2605814.0,5716,1183
6605,2605910.0,5717,1184
6615,2609584.0,5726,1185
6617,2610179.0,5728,1186
6623,2612813.0,5732,1187
6625,2613125.0,5734,1188
6631,2615942.0,5740,1189
6633,2617222.0,5742,1190
6634,2617239.0,5743,1191
6635,2617331.0,5744,1192
6642,2619595.0,5749,1193
6645,2620810.0,5751,1194
6650,2621830.0,5755,1195
6651,2622639.0,5756,1196
6652,2622816.0,5757,1197
6682,2629307.0,5784,1198
6688,2630483.0,5789,1199
6689,2632751.0,5790,1200
6702,2634789.0,5801,1201
6725,2646953.0,5822,1202
6726,2647226.0,5823,1203
6732,2649730.0,5828,1204
6733,2650300.0,5829,1205
6746,2659456.0,5838,1206
6754,2665040.0,5845,1207
6757,2666063.0,5848,1208
6761,2668121.0,5852,1209
6764,2668847.0,5855,1210
6766,2669002.0,5857,1211
6778,2674993.0,5868,1212
6781,2676008.0,5871,1213
6789,2678050.0,5879,1214
6791,2678602.0,5881,1215
6814,2685124.0,5902,1216
6817,2685972.0,5905,1217
6818,2686100.0,5906,1218
6823,2687218.0,5911,1219
6844,2693683.0,5930,1220
6855,2697017.0,5939,1221
6870,2705836.0,5950,1222
6872,2706202.0,5952,1223
6874,2707099.0,5954,1224
6876,2709766.0,5956,1225
6883,2712140.0,5962,1226
6890,2714145.0,5967,1227
6894,2716760.0,5971,1228
6898,2718503.0,5974,1229
6899,2719195.0,5975,1230
6903,2722103.0,5979,1231
6905,2723177.0,5981,1232
6907,2724002.0,5982,1233
6909,2725211.0,5984,1234
6918,2730269.0,5991,1235
6925,2732501.0,5997,1236
6931,2735908.0,6001,1237
6934,2737514.0,6004,1238
6937,2737879.0,6007,1239
6939,2738052.0,6009,1240
6953,2743214.0,6020,1241
6958,2745245.0,6023,1242
6971,2749487.0,6036,1243
6983,2755022.0,6044,1244
6987,2756502.0,6047,1245
6988,2756607.0,6048,1246
6989,2757291.0,6049,1247
6993,2758507.0,6053,1248
7002,2762110.0,6060,1249
7009,2764121.0,6065,1250
7016,2767111.0,6071,1251
7028,2771381.0,6081,1252
7031,2773292.0,6084,1253
7041,2775414.0,6093,1254
7043,2776391.0,6094,1255
7048,2777755.0,6099,1256
7058,2782289.0,6107,1257
7064,2784298.0,6112,1258
7065,2784542.0,6113,1259
7071,2786942.0,6118,1260
7074,2787844.0,6121,1261
7077,2788820.0,6123,1262
7080,2790273.0,6126,1263
7081,2790645.0,6127,1264
7094,2798915.0,6135,1265
7096,2799423.0,6137,1266
7097,2799439.0,6138,1267
7104,2803032.0,6144,1268
7105,2803675.0,6145,1269
7106,2804080.0,6146,1270
7112,2808179.0,6152,1271
7139,2821465.0,6174,1272
7140,2821795.0,6175,1273
7148,2825669.0,6181,1274
7150,2825729.0,6182,1275
7157,2829831.0,6188,1276
7158,2831286.0,6189,1277
7170,2839125.0,6200,1278
7174,2840215.0,6204,1279
7176,2841615.0,6206,1280
7182,2844567.0,6211,1281
7187,2846189.0,6215,1282
7192,2847909.0,6218,1283
7193,2847929.0,6219,1284
7198,2848759.0,6224,1285
7200,2848890.0,6226,1286
7207,2850464.0,6230,1287
7209,2851172.0,6232,1288
7213,2852645.0,6236,1289
7215,2853206.0,6238,1290
7221,2854342.0,6244,1291
7222,2854401.0,6245,1292
7233,2859762.0,6253,1293
7240,2862638.0,6258,1294
7241,2862648.0,6259,1295
7244,2864751.0,6261,1296
7249,2867100.0,6265,1297
7252,2868338.0,6268,1298
7256,2869910.0,6272,1299
7261,2871296.0,6277,1300
7266,2872262.0,6282,1301
7270,2873960.0,6286,1302
7275,2876354.0,6290,1303
7279,2878245.0,6294,1304
7284,2880980.0,6298,1305
7285,2882298.0,6299,1306
7293,2885244.0,6306,1307
7302,2888515.0,6314,1308
7308,2892041.0,6319,1309
7311,2892531.0,6322,1310
7317,2894989.0,6328,1311
7320,2895747.0,6331,1312
7341,2901694.0,6347,1313
7342,2901985.0,6348,1314
7348,2903901.0,6352,1315
7351,2905332.0,6355,1316
7361,2907184.0,6363,1317
7363,2907386.0,6364,1318
7366,2908514.0,6366,1319
7367,2908926.0,6367,1320
7370,2909895.0,6370,1321
7372,2911143.0,6372,1322
7379,2916624.0,6377,1323
7382,2917306.0,6380,1324
7391,2921083.0,6388,1325
7396,2923548.0,6393,1326
7404,2926684.0,6400,1327
7416,2933550.0,6412,1328
7419,2934874.0,6415,1329
7423,2937534.0,6419,1330
7424,2937631.0,6420,1331
7428,2939259.0,6424,1332
7433,2940892.0,6428,1333
7435,2941445.0,6430,1334
7438,2943982.0,6433,1335
7439,2944042.0,6434,1336
7440,2944076.0,6435,1337
7441,2944987.0,6436,1338
7444,2946188.0,6438,1339
7456,2949269.0,6448,1340
7457,2949684.0,6449,1341
7461,2950926.0,6453,1342
7480,2958232.0,6471,1343
7485,2960401.0,6475,1344
7489,2961253.0,6479,1345
7493,2962904.0,6483,1346
7494,2963065.0,6484,1347
7501,2967034.0,6491,1348
7507,2969267.0,6497,1349
7508,2969711.0,6498,1350
7514,2972468.0,6502,1351
7523,2975920.0,6509,1352
7524,2976392.0,6510,1353
7527,2977765.0,6512,1354
7536,2981113.0,6521,1355
7547,2983707.0,6528,1356
7548,2983900.0,6529,1357
7551,2984557.0,6531,1358
7552,2984808.0,6532,1359
7554,2985574.0,6534,1360
7566,2992412.0,6545,1361
7575,2995342.0,6553,1362
7578,2998031.0,6556,1363
7581,2998518.0,6558,1364
7583,2999033.0,6560,1365
7590,3001050.0,6563,1366
7591,3001262.0,6564,1367
7594,3002403.0,6567,1368
7603,3006063.0,6575,1369
7611,3008400.0,6583,1370
7615,3009401.0,6587,1371
7621,3013026.0,6593,1372
7632,3017200.0,6601,1373
7633,3017747.0,6602,1374
7636,3020085.0,6605,1375
7647,3023164.0,6614,1376
7654,3025633.0,6620,1377
7682,3035884.0,6644,1378
7684,3036092.0,6646,1379
7696,3038731.0,6657,1380
7703,3041135.0,6664,1381
7706,3042997.0,6666,1382
7710,3044341.0,6670,1383
7714,3044723.0,6674,1384
7720,3048461.0,6680,1385
7726,3049899.0,6686,1386
7731,3052601.0,6691,1387
7736,3054422.0,6695,1388
7740,3055263.0,6699,1389
7741,3055330.0,6700,1390
7745,3056688.0,6704,1391
7751,3059245.0,6709,1392
7759,3062192.0,6717,1393
7768,3065434.0,6725,1394
7769,3065656.0,6726,1395
7770,3065769.0,6727,1396
7781,3070200.0,6737,1397
7782,3070314.0,6738,1398
7790,3073436.0,6744,1399
7794,3077061.0,6748,1400
7800,3080896.0,6753,1401
7802,3082140.0,6755,1402
7804,3082961.0,6757,1403
7805,3083447.0,6758,1404
7811,3085400.0,6763,1405
7820,3087938.0,6772,1406
7823,3088766.0,6774,1407
7826,3089706.0,6777,1408
7831,3091205.0,6782,1409
7848,3096147.0,6795,1410
7851,3097454.0,6797,1411
7854,3098002.0,6799,1412
7861,3099871.0,6805,1413
7864,3100807.0,6808,1414
7872,3104337.0,6816,1415
7893,3110706.0,6835,1416
7909,3116402.0,6848,1417
7920,3120849.0,6858,1418
7922,3121547.0,6859,1419
7931,3125480.0,6868,1420
7939,3128329.0,6874,1421
7942,3129225.0,6877,1422
7945,3130240.0,6879,1423
7947,3131481.0,6880,1424
7950,3132567.0,6883,1425
7956,3136826.0,6889,1426
7962,3140160.0,6895,1427
7966,3141939.0,6899,1428
7988,3149089.0,6917,1429
7996,3153235.0,6925,1430
7998,3155148.0,6926,1431
8001,3156083.0,6929,1432
8002,3156989.0,6930,1433
8009,3163769.0,6936,1434
8010,3163904.0,6937,1435
8017,3166409.0,6942,1436
8023,3168797.0,6947,1437
8032,3173564.0,6955,1438
8036,3174565.0,6958,1439
8037,3174588.0,6959,1440
8038,3174895.0,6960,1441
8047,3179192.0,6969,1442
8048,3179515.0,6970,1443
8051,3180498.0,6972,1444
8052,3181954.0,6973,1445
8058,3184470.0,6978,1446
8065,3187028.0,6985,1447
8075,3190931.0,6993,1448
8086,3196408.0,7003,1449
8089,3199633.0,7005,1450
8091,3200403.0,7007,1451
8092,3200575.0,7008,1452
8104,3205434.0,7015,1453
8109,3209544.0,7020,1454
8110,3210346.0,7021,1455
8111,3211305.0,7022,1456
8118,3213152.0,7029,1457
8121,3214384.0,7032,1458
8130,3217656.0,7040,1459
8139,3222495.0,7049,1460
8148,3227298.0,7056,1461
8149,3228085.0,7057,1462
8150,3228818.0,7058,1463
8152,3229082.0,7060,1464
8153,3229357.0,7061,1465
8156,3231207.0,7063,1466
8158,3231628.0,7065,1467
8161,3234145.0,7068,1468
8164,3236204.0,7071,1469
8165,3236851.0,7072,1470
8166,3237063.0,7073,1471
8172,3240737.0,7077,1472
8177,3242643.0,7080,1473
8189,3248855.0,7088,1474
8192,3250007.0,7090,1475
8208,3262842.0,7103,1476
8213,3267140.0,7105,1477
8216,3268778.0,7107,1478
8217,3268991.0,7108,1479
8221,3273667.0,7112,1480
8231,3280304.0,7121,1481
8232,3280539.0,7122,1482
8235,3282331.0,7125,1483
8243,3288400.0,7131,1484
8247,3291679.0,7134,1485
8249,3292508.0,7135,1486
8252,3293433.0,7137,1487
8261,3299612.0,7144,1488
8270,3303078.0,7153,1489
8271,3303111.0,7154,1490
8272,3303218.0,7155,1491
8278,3304837.0,7161,1492
8280,3306927.0,7163,1493
8285,3309138.0,7167,1494
8288,3309714.0,7169,1495
8291,3310831.0,7172,1496
8292,3311353.0,7173,1497
8314,3317957.0,7193,1498
8315,3318243.0,7194,1499
8370,3340116.0,7242,1500
8371,3340724.0,7243,1501
8389,3347898.0,7260,1502
8394,3351001.0,7264,1503
8395,3351131.0,7265,1504
8397,3351648.0,7267,1505
8399,3353974.0,7269,1506
8407,3355009.0,7276,1507
8417,3360668.0,7283,1508
8421,3364897.0,7286,1509
8425,3365886.0,7290,1510
8429,3367361.0,7294,1511
8435,3370179.0,7300,1512
8438,3371283.0,7303,1513
8443,3374144.0,7307,1514
8453,3380404.0,7315,1515
8455,3381409.0,7316,1516
8456,3381571.0,7317,1517
8467,3387741.0,7327,1518
8472,3391541.0,7332,1519
8476,3392672.0,7334,1520
8479,3393145.0,7337,1521
8481,3394547.0,7338,1522
8495,3402226.0,7351,1523
8497,3402730.0,7353,1524
8498,3402923.0,7354,1525
8509,3404565.0,7362,1526
8513,3406314.0,7366,1527
8515,3407556.0,7368,1528
8526,3412807.0,7377,1529
8527,3413036.0,7378,1530
8539,3417306.0,7389,1531
8540,3417704.0,7390,1532
8544,3419828.0,7394,1533
8565,3427680.0,7412,1534
8567,3428230.0,7414,1535
8577,3433253.0,7422,1536
8578,3433507.0,7423,1537
8583,3435920.0,7427,1538
8586,3437798.0,7430,1539
8591,3439359.0,7435,1540
8605,3448133.0,7447,1541
8618,3452813.0,7458,1542
8622,3456436.0,7460,1543
8623,3456764.0,7461,1544
8629,3459978.0,7467,1545
8636,3463865.0,7473,1546
8653,3470733.0,7489,1547
8655,3470772.0,7491,1548
8667,3477388.0,7503,1549
8674,3479973.0,7510,1550
8677,3482795.0,7513,1551
8683,3485168.0,7518,1552
8684,3485600.0,7519,1553
8689,3489506.0,7524,1554
8691,3490034.0,7526,1555
8693,3492605.0,7528,1556
8697,3493407.0,7532,1557
8705,3497372.0,7539,1558
8707,3498016.0,7541,1559
8713,3502784.0,7546,1560
8714,3504378.0,7547,1561
8722,3507459.0,7553,1562
8727,3509147.0,7557,1563
8728,3510112.0,7558,1564
8730,3511158.0,7560,1565
8737,3513680.0,7567,1566
8738,3514022.0,7568,1567
8744,3518684.0,7574,1568
8753,3524945.0,7580,1569
8754,3525007.0,7581,1570
8759,3526999.0,7586,1571
8773,3533877.0,7599,1572
8775,3534071.0,7601,1573
8792,3541389.0,7617,1574
8799,3543447.0,7624,1575
8800,3544560.0,7625,1576
8803,3548234.0,7627,1577
8804,3550295.0,7628,1578
8805,3550729.0,7629,1579
8830,3563307.0,7650,1580
8831,3563323.0,7651,1581
8836,3565134.0,7654,1582
8838,3565495.0,7656,1583
8842,3566534.0,7659,1584
8843,3566812.0,7660,1585
8845,3567413.0,7662,1586
8846,3567450.0,7663,1587
8852,3572222.0,7668,1588
8866,3575917.0,7680,1589
8872,3581101.0,7686,1590
8875,3582110.0,7689,1591
8881,3585372.0,7695,1592
8882,3585532.0,7696,1593
8883,3586100.0,7697,1594
8896,3593287.0,7708,1595
8916,3601857.0,7727,1596
8932,3608163.0,7741,1597
8947,3614107.0,7755,1598
8948,3614649.0,7756,1599
8950,3614867.0,7757,1600
8977,3625194.0,7777,1601
8978,3625479.0,7778,1602
8979,3625962.0,7779,1603
8996,3632592.0,7794,1604
9002,3635810.0,7799,1605
9003,3635868.0,7800,1606
9004,3636007.0,7801,1607
9005,3636075.0,7802,1608
9030,3643720.0,7826,1609
9034,3646442.0,7830,1610
9036,3648042.0,7831,1611
9039,3650160.0,7834,1612
9041,3650853.0,7836,1613
9056,3656781.0,7848,1614
9075,3664440.0,7865,1615
9076,3664679.0,7866,1616
9082,3667977.0,7871,1617
9089,3670640.0,7878,1618
9091,3672513.0,7880,1619
9095,3673413.0,7884,1620
9098,3674208.0,7886,1621
9104,3678513.0,7891,1622
9106,3679015.0,7893,1623
9107,3680113.0,7894,1624
9116,3683467.0,7900,1625
9125,3686554.0,7909,1626
9128,3688585.0,7912,1627
9132,3689475.0,7916,1628
9138,3692037.0,7921,1629
9145,3694979.0,7927,1630
9151,3696382.0,7932,1631
9166,3699998.0,7946,1632
9172,3702244.0,7951,1633
9198,3707899.0,7972,1634
9201,3708452.0,7975,1635
9202,3708526.0,7976,1636
9207,3711534.0,7981,1637
9216,3715858.0,7988,1638
9225,3720189.0,7995,1639
9228,3720474.0,7996,1640
9229,3720848.0,7997,1641
9230,3721146.0,7998,1642
9244,3725321.0,8009,1643
9264,3733402.0,8026,1644
9267,3734261.0,8028,1645
9270,3735611.0,8030,1646
9275,3738791.0,8034,1647
9278,3740934.0,8037,1648
9279,3741233.0,8038,1649
9288,3745324.0,8046,1650
9290,3745965.0,8048,1651
9295,3747949.0,8053,1652
9316,3753928.0,8072,1653
9331,3758172.0,8086,1654
9339,3761288.0,8094,1655
9345,3764776.0,8100,1656
9349,3768162.0,8104,1657
9354,3770463.0,8109,1658
9356,3771322.0,8110,1659
9358,3771396.0,8111,1660
9362,3772991.0,8114,1661
9364,3773377.0,8116,1662
9365,3773797.0,8117,1663
9372,3774747.0,8123,1664
9382,3776454.0,8133,1665
9386,3776967.0,8135,1666
9390,3777702.0,8139,1667
9391,3777708.0,8140,1668
9392,3777768.0,8141,1669
9409,3782451.0,8155,1670
9422,3785828.0,8164,1671
9428,3789420.0,8169,1672
9430,3790525.0,8171,1673
9436,3792946.0,8176,1674
9446,3797976.0,8185,1675
9449,3799306.0,8188,1676
9456,3801281.0,8194,1677
9458,3801338.0,8196,1678
9459,3801676.0,8197,1679
9464,3803063.0,8201,1680
9475,3806815.0,8211,1681
9478,3807772.0,8214,1682
9496,3814861.0,8227,1683
9508,3817716.0,8235,1684
9512,3820287.0,8238,1685
9513,3820994.0,8239,1686
9514,3822899.0,8240,1687
9527,3827736.0,8250,1688
9550,3839504.0,8268,1689
9551,3839855.0,8269,1690
9553,3841398.0,8270,1691
9563,3848651.0,8277,1692
9564,3848654.0,8278,1693
9565,3848714.0,8279,1694
9566,3849335.0,8280,1695
9567,3850093.0,8281,1696
9569,3850555.0,8283,1697
9572,3851809.0,8286,1698
9577,3853670.0,8291,1699
9579,3854016.0,8293,1700
9584,3855224.0,8298,1701
9585,3855541.0,8299,1702
9593,3858655.0,8304,1703
9595,3859405.0,8306,1704
9598,3860477.0,8309,1705
9603,3861901.0,8313,1706
9607,3864414.0,8315,1707
9609,3864588.0,8317,1708
9614,3865538.0,8322,1709
9619,3868442.0,8327,1710
9620,3868998.0,8328,1711
9625,3870483.0,8333,1712
9636,3878341.0,8342,1713
9639,3879798.0,8344,1714
9648,3884384.0,8352,1715
9653,3889203.0,8354,1716
9654,3889459.0,8355,1717
9656,3889975.0,8357,1718
9657,3890899.0,8358,1719
9661,3892837.0,8362,1720
9663,3893630.0,8364,1721
9671,3895788.0,8369,1722
9673,3896297.0,8371,1723
9677,3899268.0,8373,1724
9685,3903869.0,8380,1725
9700,3909253.0,8392,1726
9701,3909640.0,8393,1727
9711,3912995.0,8401,1728
9718,3915441.0,8407,1729
9722,3916034.0,8409,1730
9747,3927771.0,8432,1731
9751,3928568.0,8436,1732
9758,3930723.0,8440,1733
9759,3931313.0,8441,1734
9764,3932030.0,8445,1735
9767,3932592.0,8448,1736
9774,3936841.0,8455,1737
9778,3938683.0,8458,1738
9779,3938983.0,8459,1739
9783,3942324.0,8463,1740
9784,3942330.0,8464,1741
9790,3944736.0,8470,1742
9793,3946070.0,8472,1743
9806,3949500.0,8484,1744
9810,3951203.0,8487,1745
9811,3951227.0,8488,1746
9813,3951932.0,8489,1747
9822,3956961.0,8496,1748
9831,3961527.0,8503,1749
9833,3962335.0,8505,1750
9835,3964068.0,8507,1751
9836,3965179.0,8508,1752
9846,3970190.0,8516,1753
9857,3973744.0,8525,1754
9860,3974354.0,8528,1755
9862,3975409.0,8530,1756
9866,3976243.0,8533,1757
9873,3977332.0,8538,1758
9876,3977630.0,8540,1759
9877,3977960.0,8541,1760
9887,3982932.0,8549,1761
9888,3983069.0,8550,1762
9902,3988105.0,8563,1763
9912,3991525.0,8570,1764
9913,3991957.0,8571,1765
9915,3993001.0,8572,1766
9917,3994781.0,8574,1767
9920,3995631.0,8577,1768
9926,3997544.0,8583,1769
9927,3997645.0,8584,1770
9935,4001092.0,8592,1771
9942,4002952.0,8597,1772
9954,4008542.0,8608,1773
9962,4011145.0,8616,1774
9972,4013770.0,8626,1775
9973,4014108.0,8627,1776
9979,4016911.0,8632,1777
9984,4018826.0,8636,1778
9999,4023330.0,8650,1779
10000,4023481.0,8651,1780
10006,4026575.0,8656,1781
10016,4029848.0,8663,1782
10017,4029849.0,8664,1783
10026,4033200.0,8671,1784
10039,4039814.0,8682,1785
10047,4045243.0,8689,1786
10048,4046377.0,8690,1787
10056,4047923.0,8698,1788
10067,4050356.0,8709,1789
10086,4056430.0,8725,1790
10087,4057187.0,8726,1791
10092,4058979.0,8730,1792
10093,4059051.0,8731,1793
10104,4063695.0,8740,1794
10105,4063818.0,8741,1795
10107,4064659.0,8742,1796
10111,4065479.0,8746,1797
10115,4067950.0,8749,1798
10117,4068078.0,8751,1799
10118,4068749.0,8752,1800
10123,4070095.0,8756,1801
10124,4070167.0,8757,1802
10128,4071459.0,8761,1803
10130,4071996.0,8763,1804
10134,4073276.0,8767,1805
10143,4078062.0,8774,1806
10148,4080107.0,8777,1807
10149,4080522.0,8778,1808
10155,4082718.0,8784,1809
10176,4091097.0,8801,1810
10177,4091162.0,8802,1811
10186,4093422.0,8810,1812
10190,4095493.0,8814,1813
10196,4098284.0,8820,1814
10198,4098616.0,8822,1815
10200,4099183.0,8824,1816
10201,4099220.0,8825,1817
10208,4104038.0,8831,1818
10209,4104444.0,8832,1819
10212,4106187.0,8835,1820
10217,4107152.0,8840,1821
10222,4109221.0,8845,1822
10226,4110610.0,8849,1823
10247,4116715.0,8866,1824
10253,4118111.0,8872,1825
10263,4123188.0,8880,1826
10264,4124041.0,8881,1827
10266,4124811.0,8883,1828
10273,4126778.0,8889,1829
10285,4129740.0,8898,1830
10289,4130608.0,8902,1831
10308,4140485.0,8919,1832
10309,4140618.0,8920,1833
10311,4140970.0,8921,1834
10314,4141481.0,8924,1835
10321,4143385.0,8931,1836
10324,4144467.0,8934,1837
10349,4151861.0,8954,1838
10352,4152867.0,8957,1839
10353,4152946.0,8958,1840
10355,4153734.0,8960,1841
10383,4158908.0,8983,1842
10392,4162824.0,8990,1843
10396,4163640.0,8993,1844
10412,4169333.0,9006,1845
10414,4169985.0,9008,1846
10415,4170376.0,9009,1847
10421,4173331.0,9013,1848
10431,4176107.0,9022,1849
10439,4179188.0,9030,1850
10445,4180018.0,9036,1851
10447,4181556.0,9038,1852
10448,4181663.0,9039,1853
10461,4184975.0,9051,1854
10464,4185258.0,9054,1855
10474,4193357.0,9062,1856
10486,4199004.0,9070,1857
10487,4199554.0,9071,1858
10489,4199732.0,9073,1859
10503,4203648.0,9085,1860
10504,4203819.0,9086,1861
10507,4204712.0,9089,1862
10510,4206857.0,9092,1863
10516,4210648.0,9097,1864
10517,4210701.0,9098,1865
10519,4211112.0,9100,1866
10526,4214195.0,9106,1867
10527,4215399.0,9107,1868
10528,4215512.0,9108,1869
10530,4216326.0,9110,1870
10543,4227343.0,9122,1871
10544,4227380.0,9123,1872
10546,4227459.0,9124,1873
10548,4227797.0,9126,1874
10555,4229710.0,9133,1875
10556,4229768.0,9134,1876
10564,4234065.0,9141,1877
10569,4235532.0,9145,1878
10573,4236498.0,9149,1879
10576,4237348.0,9152,1880
10587,4244903.0,9160,1881
10593,4248993.0,9165,1882
10594,4249088.0,9166,1883
10596,4249686.0,9168,1884
10598,4250504.0,9169,1885
10599,4251469.0,9170,1886
10605,4252045.0,9174,1887
10609,4254759.0,9178,1888
10616,4257536.0,9185,1889
10617,4257689.0,9186,1890
10623,4258778.0,9190,1891
10624,4258909.0,9191,1892
10632,4262556.0,9196,1893
10634,4263606.0,9198,1894
10641,4268510.0,9205,1895
10642,4268538.0,9206,1896
10645,4269256.0,9208,1897
10651,4271505.0,9214,1898
10653,4271797.0,9215,1899
10671,4275996.0,9228,1900
10679,4277581.0,9236,1901
10692,4285416.0,9248,1902
10693,4285445.0,9249,1903
10695,4286801.0,9250,1904
10706,4288163.0,9258,1905
10712,4290232.0,9264,1906
10726,4296367.0,9273,1907
10730,4298441.0,9277,1908
10732,4299840.0,9279,1909
10736,4300927.0,9281,1910
10739,4301359.0,9284,1911
10740,4302167.0,9285,1912
10743,4303096.0,9287,1913
10747,4303981.0,9290,1914
10763,4309030.0,9305,1915
10768,4312909.0,9310,1916
10770,4313580.0,9312,1917
10776,4319464.0,9318,1918
10777,4319764.0,9319,1919
10794,4324523.0,9336,1920
10803,4326813.0,9342,1921
10808,4328688.0,9344,1922
10822,4332738.0,9354,1923
10826,4334271.0,9358,1924
10835,4339154.0,9366,1925
10838,4340208.0,9369,1926
10845,4341899.0,9374,1927
10849,4343531.0,9378,1928
10851,4344559.0,9380,1929
10864,4347953.0,9391,1930
10875,4351854.0,9401,1931
10876,4352383.0,9402,1932
10877,4352683.0,9403,1933
10881,4353625.0,9407,1934
10892,4359499.0,9414,1935
10895,4361918.0,9417,1936
10906,4365679.0,9428,1937
10913,4368250.0,9432,1938
10917,4370559.0,9434,1939
10920,4371791.0,9437,1940
10925,4373980.0,9438,1941
10926,4374883.0,9439,1942
10937,4380075.0,9448,1943
10938,4380554.0,9449,1944
10942,4382826.0,9453,1945
10944,4383663.0,9455,1946
10945,4384015.0,9456,1947
10952,4386464.0,9462,1948
10968,4392211.0,9477,1949
10969,4392407.0,9478,1950
10975,4394754.0,9482,1951
10985,4398785.0,9492,1952
10992,4400988.0,9498,1953
11008,4406053.0,9512,1954
11018,4409476.0,9522,1955
11026,4412597.0,9529,1956
11032,4414701.0,9534,1957
11034,4415160.0,9536,1958
11035,4416238.0,9537,1959
11040,4418566.0,9539,1960
11043,4420246.0,9542,1961
11044,4420389.0,9543,1962
11063,4427641.0,9559,1963
11068,4429025.0,9564,1964
11074,4433130.0,9570,1965
11081,4435614.0,9575,1966
11085,4436861.0,9577,1967
11086,4437145.0,9578,1968
11095,4442679.0,9586,1969
11098,4443503.0,9589,1970
11099,4443975.0,9590,1971
11101,4445513.0,9591,1972
11133,4455978.0,9619,1973
11134,4456489.0,9620,1974
11136,4456933.0,9622,1975
11137,4457414.0,9623,1976
11144,4459919.0,9628,1977
11145,4460095.0,9629,1978
11157,4464023.0,9638,1979
11159,4464907.0,9640,1980
11162,4466507.0,9643,1981
11168,4469191.0,9647,1982
11169,4469402.0,9648,1983
11171,4471117.0,9650,1984
11172,4471165.0,9651,1985
11178,4475065.0,9656,1986
11198,4481082.0,9670,1987
11199,4481185.0,9671,1988
11212,4484668.0,9682,1989
11217,4486283.0,9687,1990
11218,4486765.0,9688,1991
11223,4488131.0,9693,1992
11230,4490870.0,9699,1993
11234,4491477.0,9703,1994
11241,4496093.0,9710,1995
11267,4504005.0,9730,1996
11284,4512734.0,9744,1997
11286,4513986.0,9746,1998
11288,4516256.0,9748,1999
11291,4517078.0,9749,2000
11294,4518133.0,9752,2001
11295,4518596.0,9753,2002
11304,4523680.0,9762,2003
11305,4523788.0,9763,2004
11309,4526706.0,9766,2005
11312,4528567.0,9769,2006
11321,4530926.0,9777,2007
11322,4531410.0,9778,2008
11325,4533694.0,9781,2009
11332,4536522.0,9786,2010
11346,4539983.0,9797,2011
11347,4540523.0,9798,2012
11360,4547176.0,9810,2013
11369,4548922.0,9817,2014
11373,4550230.0,9821,2015
11376,4551204.0,9824,2016
11387,4554784.0,9834,2017
11388,4555092.0,9835,2018
11403,4565144.0,9844,2019
11404,4565767.0,9845,2020
11407,4567079.0,9847,2021
11409,4567612.0,9849,2022
11415,4572760.0,9854,2023
11416,4572824.0,9855,2024
11426,4575452.0,9864,2025
11433,4577677.0,9867,2026
11452,4584371.0,9879,2027
11455,4585652.0,9882,2028
11456,4586224.0,9883,2029
11459,4590036.0,9885,2030
11463,4591171.0,9889,2031
11465,4591775.0,9891,2032
11466,4592290.0,9892,2033
11469,4593153.0,9894,2034
11472,4595146.0,9897,2035
11474,4596906.0,9899,2036
11481,4601857.0,9906,2037
11486,4605400.0,9909,2038
11487,4605589.0,9910,2039
11488,4605901.0,9911,2040
11500,4610007.0,9922,2041
11503,4610202.0,9923,2042
11512,4612989.0,9928,2043
11520,4615040.0,9934,2044
11527,4619430.0,9940,2045
11530,4620028.0,9943,2046
11548,4624427.0,9959,2047
11557,4626951.0,9967,2048
11577,4633632.0,9987,2049
11587,4635204.0,9997,2050
11592,4637988.0,10001,2051
11593,4638564.0,10002,2052
11600,4641070.0,10008,2053
11604,4641977.0,10010,2054
11610,4645310.0,10016,2055
11611,4645429.0,10017,2056
11627,4653347.0,10030,2057
11630,4654440.0,10032,2058
11652,4661574.0,10050,2059
11658,4664785.0,10055,2060
11665,4667925.0,10059,2061
11666,4668040.0,10060,2062
11667,4669428.0,10061,2063
11672,4672772.0,10065,2064
11677,4674717.0,10069,2065
11678,4675440.0,10070,2066
11689,4677989.0,10077,2067
11691,4678409.0,10079,2068
11694,4680817.0,10082,2069
11695,4680878.0,10083,2070
11696,4680921.0,10084,2071
11698,4681175.0,10086,2072
11705,4684491.0,10093,2073
11714,4688549.0,10101,2074
11717,4690352.0,10103,2075
11718,4690838.0,10104,2076
11733,4697357.0,10117,2077
11739,4699844.0,10123,2078
11741,4700881.0,10125,2079
11751,4704715.0,10131,2080
11755,4706498.0,10134,2081
11757,4706596.0,10136,2082
11765,4708960.0,10144,2083
11770,4711123.0,10148,2084
11779,4714096.0,10154,2085
11789,4716129.0,10163,2086
11797,4717611.0,10170,2087
11802,4718546.0,10174,2088
11805,4719318.0,10177,2089
11806,4719394.0,10178,2090
11808,4719947.0,10180,2091
11811,4721051.0,10181,2092
11813,4721255.0,10183,2093
11819,4723261.0,10189,2094
11821,4724079.0,10191,2095
11822,4724785.0,10192,2096
11825,4725962.0,10195,2097
11826,4726623.0,10196,2098
11843,4733118.0,10210,2099
11849,4735303.0,10215,2100
11851,4735847.0,10217,2101
11859,4739514.0,10224,2102
11865,4741432.0,10229,2103
11866,4741764.0,10230,2104
11889,4747753.0,10250,2105
11893,4748886.0,10253,2106
11894,4750205.0,10254,2107
11901,4752299.0,10261,2108
11903,4754043.0,10263,2109
11905,4754767.0,10265,2110
11930,4764019.0,10283,2111
11937,4766054.0,10289,2112
11940,4766534.0,10292,2113
11947,4770388.0,10298,2114
11951,4771487.0,10301,2115
11952,4771496.0,10302,2116
11956,4772926.0,10306,2117
11966,4775065.0,10314,2118
11968,4775293.0,10316,2119
11980,4782188.0,10323,2120
11981,4784170.0,10324,2121
11983,4784772.0,10326,2122
11986,4785984.0,10329,2123
11994,4789982.0,10336,2124
11997,4791515.0,10339,2125
11999,4792264.0,10340,2126
12000,4792455.0,10341,2127
12008,4793500.0,10345,2128
12015,4795709.0,10351,2129
12022,4799023.0,10357,2130
12030,4802284.0,10365,2131
12037,4803870.0,10371,2132
12038,4804012.0,10372,2133
12052,4808056.0,10383,2134
12059,4811000.0,10390,2135
12060,4811115.0,10391,2136
12061,4811621.0,10392,2137
12068,4814131.0,10399,2138
12076,4817235.0,10407,2139
12086,4820745.0,10416,2140
12088,4821654.0,10418,2141
12098,4826294.0,10424,2142
12106,4828603.0,10432,2143
12108,4828827.0,10434,2144
12116,4831330.0,10441,2145
12123,4833598.0,10448,2146
12125,4834573.0,10450,2147
12127,4835125.0,10452,2148
12142,4839550.0,10466,2149
12144,4840465.0,10467,2150
12150,4842541.0,10473,2151
12154,4843924.0,10477,2152
12155,4844414.0,10478,2153
12158,4845538.0,10481,2154
12165,4848051.0,10488,2155
12166,4848188.0,10489,2156
12170,4849158.0,10493,2157
12183,4854477.0,10504,2158
12199,4859498.0,10520,2159
12204,4861758.0,10525,2160
12211,4863769.0,10531,2161
12224,4868199.0,10541,2162
12228,4870407.0,10545,2163
12233,4871114.0,10550,2164
12237,4873134.0,10554,2165
12244,4874957.0,10561,2166
12259,4878967.0,10574,2167
12260,4879150.0,10575,2168
12275,4884199.0,10587,2169
12279,4885378.0,10591,2170
12285,4886938.0,10597,2171
12286,4887730.0,10598,2172
12291,4888374.0,10603,2173
12294,4889579.0,10605,2174
12295,4889815.0,10606,2175
12305,4892568.0,10614,2176
12311,4896059.0,10620,2177
12312,4896067.0,10621,2178
12317,4897346.0,10625,2179
12326,4902576.0,10633,2180
12332,4904351.0,10639,2181
12335,4904803.0,10642,2182
12337,4905727.0,10643,2183
12340,4907433.0,10646,2184
12343,4908230.0,10649,2185
12351,4911750.0,10656,2186
12357,4915113.0,10661,2187
12360,4916256.0,10664,2188
12364,4917066.0,10668,2189
12378,4921564.0,10680,2190
12395,4925742.0,10695,2191
12396,4926524.0,10696,2192
12412,4930861.0,10711,2193
12421,4936675.0,10717,2194
12428,4938651.0,10724,2195
12429,4938829.0,10725,2196
12431,4940020.0,10727,2197
12457,4947624.0,10746,2198
12476,4958026.0,10761,2199
12483,4960163.0,10767,2200
12485,4960775.0,10769,2201
12486,4960843.0,10770,2202
12501,4966228.0,10780,2203
12504,4968389.0,10783,2204
12505,4968537.0,10784,2205
12513,4970916.0,10791,2206
12524,4974287.0,10801,2207
12533,4976676.0,10809,2208
12536,4977389.0,10812,2209
12538,4978118.0,10814,2210
12568,4990714.0,10841,2211
12582,4998465.0,10850,2212
12585,4999335.0,10853,2213
